<?xml version="1.0" encoding="utf-8" ?>
<suite name="mySuite">
    <test name="testDemo1">
       <groups>

           <define name="all">
               <include name="T1"/>
               <include name="T2"/>
               <include name="windows.*"/>
           </define>

           <run>
               <include name = "all"/>
               <exclude name = "broken"/>
           </run>
       </groups>
        <classes>
        <class name = "com.za.tests.TestGroupDemo"></class>
        </classes>
    </test>
</suite>
        <!--<classes>-->
        <!--<class name="com.za.tests.Method.GetApiTest">-->
        <!--<methods>-->
        <!--<include name="GetAPITest"></include>-->
        <!--<exclude name = "loginTest"></exclude>-->
        <!--<exclude name = "loginTes"></exclude>-->
        <!--</methods>-->
        <!--</class>-->
        <!--<class name = "com.za.tests.Method.PostApiTest"></class>-->
        <!--</classes>-->
        <!--<packages>-->
        <!--<package name = "com.za.tests"></package>-->
        <!--</packages>-->