<?xml version="1.0" encoding="utf-8" ?>
<suite name="mySuite">
    <!--<test name="testDepency">-->
        <!--<groups>-->
            <!--&lt;!&ndash;<dependencies>&ndash;&gt;-->
                <!--&lt;!&ndash;<group name = "c" depend-on="a"/>&ndash;&gt;-->
                <!--&lt;!&ndash;<group name = "b" depend-on ="c"/>&ndash;&gt;-->
                <!--&lt;!&ndash;<group name = "a" depend-on ="d"/>&ndash;&gt;-->
            <!--&lt;!&ndash;</dependencies>&ndash;&gt;-->
            <!--<run>-->
                <!--<include name = "b"/>-->
                <!--<include name = "a"/>-->
                <!--<include name = "c"/>-->
                <!--<include name = "d"/>-->
            <!--</run>-->
        <!--</groups>-->
        <!--<classes>-->
            <!--&lt;!&ndash;<class name = "com.za.tests.TestDependency"/>&ndash;&gt;-->
            <!--<class name = "com.za.tests.TestFactory"/>-->
        <!--</classes>-->
    <!--</test>-->
    <test verbose="2" preserve-order="true" name="Test">
    <classes>
        <class name="TestFactory">
        </class>
    </classes>
</suite>
